revision_id,revision_page_id,tag_id
2148821,38414,12
6392073,23318,12
6920642,5122699,5
7078112,1066808,12
7750035,19985174,12
7835052,5751,5
8611690,485118,6
8892631,626692,12
8936518,1328236,12
9507312,269055,12
9899190,35984,6
10572525,944316,12
10684846,234683,12
11178233,1218794,2
11178233,1218794,11
12676269,1263625,12
13079389,427748,12
13118623,1480272,12
13157770,170691,5
13809566,171166,2
15341175,5757384,12
15540587,4745,5
15540587,4745,11
17568638,1941436,12
18274545,1620770,12
18726439,1095706,3
20136190,184474,12
21189768,276447,6
21425567,158177,12
21648778,251212,1
21648778,251212,6
21782017,57570,2
21782017,57570,11
21829576,155141,12
23008161,6412297,12
23595245,1280856,12
24399074,29589,12
25689216,2921186,12
27216617,1015583,3
27381413,1046206,12
27819009,73139,12
28894068,670013,12
29031588,570280,12
29527985,2284772,12
29617135,9707,5
29617135,9707,11
29663906,9539126,12
29789136,382068,5
29789136,382068,11
30637307,226999,3
30969467,2995553,5
30969467,2995553,11
32948730,1481666,12
33333596,2224313,12
33849340,59033,12
33854176,332751,12
36055324,3425695,12
36569053,1600453,12
37497960,3881235,12
37854991,6037917,3
38190291,256620,5
38190291,256620,3
38190291,256620,11
38782155,700310,5
38782155,700310,11
39750566,16193,2
40712329,26230922,3
41999017,19147,12
42791417,3992765,3
44082266,840351,12
44181758,2262832,12
44476159,739735,12
44987687,495896,12
46989863,27718,12
47010566,228753,12
47308872,4368850,12
47489036,246185,12
48814885,10851639,12
48832221,2271177,12
49123388,89443,12
49427498,22667,12
49938033,2240187,2
50385769,2998352,12
52640130,2572919,12
54509760,1649321,5
54679507,4177677,12
55150057,421853,12
56204011,4447,12
56493461,5064468,12
56885036,4350302,12
58084229,2532140,12
58363091,184474,12
59382728,62676,5
59382728,62676,11
59400128,4469143,12
60275659,391834,12
60862926,3109101,1
60862926,3109101,11
61222752,351542,12
61655480,242370,12
62145022,18787,12
63556326,611129,9
63909668,62676,5
65207498,976217,2
65207498,976217,11
65365868,702389,2
65365868,702389,11
65842986,3813320,12
65887808,1130247,12
66793604,187239,5
66793604,187239,11
67102097,1222985,12
67175555,2699650,12
68538071,78023,9
68816395,55904,12
69898007,4114314,12
70448208,79820,2
70448208,79820,5
70448208,79820,11
70467426,421853,12
70791056,65529,12
71098243,5983623,5
71763230,5865106,3
72504939,354295,1
72878183,3029374,12
73575068,417547,12
73707398,209373,12
74229710,2638004,5
74736756,3294281,12
74949986,1719958,5
76114602,502359,5
76220999,780619,5
76323786,2219231,12
77365132,11217925,12
78007787,2320366,12
78185318,784781,6
79623281,2490952,12
80480484,6390754,12
80642793,5016387,5
80642793,5016387,11
80995092,242974,12
81196758,7423372,12
81271867,153364,12
81707084,702389,2
81707084,702389,3
81707084,702389,11
82123308,14975,12
82992231,2984300,12
83267504,6005420,5
83267504,6005420,11
83766403,7115770,5
84312212,3703149,12
85510125,730322,12
85873800,454272,12
86082067,31056,12
86087176,69918,12
86274844,1001231,5
86750105,31730,12
87017059,22093,2
87017059,22093,11
87627208,26997138,5
87674441,6171783,12
87685927,372836,3
88683610,455874,12
89272417,193342,12
89553260,38776,2
89553260,38776,11
89952146,19283806,12
90245399,3941629,12
90310306,374833,12
90897936,28431,5
90897936,28431,11
91147264,1287110,12
91305591,648118,12
91583631,1188541,5
91977357,2316631,12
92831895,3765806,12
92986420,4683903,12
93707903,57357,12
94049351,12437,2
94049351,12437,11
94408553,5302235,2
94408553,5302235,5
94408553,5302235,11
94906458,5034626,12
94983368,4390706,12
95377275,3373268,12
95518973,341894,12
95605804,47139,12
95891921,3963940,5
96161791,2161110,12
96171492,70155,5
96696678,3615512,12
98513208,2419014,5
98513208,2419014,11
98917103,1443084,12
99020399,1569972,12
99193405,195856,5
99193405,195856,11
100428741,19012,12
100706864,1779040,12
101826340,78255,12
101961873,41771187,12
102167304,1793476,12
102355654,32090,12
102939524,1423646,12
104236795,127590,12
104849339,5928035,12
106621878,4274363,12
107483824,5397974,12
107682415,277030,12
108731777,9060092,5
108811653,3828418,12
109339944,97670,2
109339944,97670,11
109751628,3260698,12
110755938,1140847,2
110755938,1140847,11
111463170,785198,12
111749758,999957,12
111769388,3452257,5
112078155,6479315,12
112138055,61708,2
112138055,61708,11
113271804,6528154,12
113592177,4687387,2
113592177,4687387,11
113697117,939583,12
114538689,4993996,12
114824550,667089,2
115445760,127590,2
115445760,127590,11
115916658,57317,12
116314384,16509,12
116506712,18948043,12
116933754,2523090,2
116933754,2523090,11
117079353,19261,12
117598804,12819734,12
117872129,4630206,12
117961992,7954570,12
118390413,147411,6
118760805,7946221,12
119176101,3741280,12
121146166,1813865,12
121175834,3220308,12
121422887,320655,1
122456894,462914,2
122456894,462914,11
122592931,7171338,6
122944784,4689460,12
123305205,2456526,12
124080982,612544,12
124978083,7175183,12
126407521,3303535,12
126538780,25657,6
126579477,220466,2
126579477,220466,11
126734768,5388955,5
127041224,6399931,12
127858631,11031013,12
127990109,414097,12
128256236,367453,12
128508486,11068248,12
129227048,21920512,5
129227048,21920512,11
129364741,152578,2
129364741,152578,11
129420007,10851639,5
129420007,10851639,11
130381846,944017,12
130566096,45506705,2
131383350,3663097,12
132012222,2527031,12
132466211,3663075,5
132466211,3663075,11
133025525,8136671,12
134020439,30873938,9
134154980,3663132,5
134154980,3663132,11
134297262,100040,12
134521928,15403,12
134575489,621063,12
134910589,2707728,12
135079295,4425349,2
135079295,4425349,11
135989275,194627,5
136188864,304558,2
136188864,304558,11
136210373,1148069,12
136303354,13644722,12
136325749,444211,12
136443702,159344,2
136443702,159344,11
136466971,62676,12
136609218,6426509,12
136706306,11579697,5
137155445,6099849,12
137253928,3992164,12
137286906,365930,12
137535977,17839,12
137627657,2184468,3
138372499,1878091,12
138486106,39942,12
138835153,169719,12
139272254,5250135,6
139335760,302695,5
139590077,2376899,12
139976178,3615514,12
140594517,1984149,12
140644286,4864757,9
141060584,5989701,12
141096697,1863685,12
141259809,869287,12
141842685,5828339,12
142044185,169836,5
142124905,1852628,12
142310009,2571142,3
142352672,33445742,3
142896544,1243547,12
143196164,5171333,9
143318901,3177153,12
143677174,290,2
143677174,290,11
143996183,38930,12
144078883,2566953,3
144078883,2566953,5
144078883,2566953,11
144468333,460445,12
144962632,1012148,2
144962632,1012148,11
145608989,1527386,12
147138016,79370,12
147845601,569419,12
147935743,723278,2
149077027,690812,12
149099677,1356685,6
149099677,1356685,11
149139225,8331748,12
149181932,358392,12
149258706,1517548,5
149296151,19005769,2
149567838,59627,2
149567838,59627,11
149570821,18985156,2
149570821,18985156,11
149815773,9346758,1
149832309,4246057,12
150562647,1715880,12
150586779,11056991,12
150594252,8857042,12
151115903,10794139,12
151557378,1270572,12
152111176,933605,12
152433757,3327969,5
152433757,3327969,11
152603056,11033647,12
152603668,1201006,12
152671869,5568326,3
152671869,5568326,11
153243866,5710422,2
153243866,5710422,11
153400929,8384685,12
153783545,3992164,12
153843729,8306520,2
154329489,401877,12
154576177,2154218,12
154641876,11798840,12
154900662,620504,3
154900662,620504,5
154900662,620504,11
154901019,342996,12
155066502,1873388,12
155191589,588809,12
155684505,15944,12
155727574,923807,12
155866945,87216,9
156258575,42271,1
156298623,8025116,12
157217552,481171,12
157725816,2911781,2
157725816,2911781,11
157735831,4539528,2
157735831,4539528,11
157820568,961522,12
158162292,1577869,5
158350303,538696,12
158373018,30327,2
158373018,30327,3
158373018,30327,5
158373018,30327,11
158446806,23703,2
158446806,23703,11
158744587,30863981,12
158826955,70801,12
158886862,3663132,12
159281249,2283417,12
159327219,5888467,12
159521980,30873388,12
159850345,1081624,12
159880128,1216791,5
160054093,174995,2
160054093,174995,11
160760882,11673441,12
161318310,34398,12
161503996,34198,2
161503996,34198,11
161511632,707862,5
161511632,707862,11
161788802,5806211,2
162699934,377885,2
162792553,704143,3
163267552,2425842,12
163356695,73425,3
163356695,73425,11
163506742,1473196,12
163692650,3495470,12
164154704,12641326,12
164489094,12460343,6
164758050,6860383,1
164758050,6860383,2
164758050,6860383,11
164848121,11859949,12
165117989,13031593,1
165329587,441016,12
165381042,12346158,12
165566389,1245667,12
165725379,3202715,3
165862378,11163556,12
166178076,4564132,2
166178076,4564132,5
166178076,4564132,11
166207502,961522,1
166330453,3953427,12
166425347,12453185,5
166623761,5887233,2
166623761,5887233,11
167163980,125011,12
167276194,878851,12
167331924,5207311,12
167511369,11263877,5
167511369,11263877,11
167769517,26324,12
168554610,1250495,5
168685199,3785255,12
168759449,6667294,12
169071884,3736,12
169156645,2619822,5
169156645,2619822,11
169291311,6741484,12
169464006,381399,2
169464006,381399,11
170592173,1620586,12
170784175,23408886,12
170858198,7947508,12
171099701,10054001,1
171307509,8774079,5
171734480,636406,12
171803191,1649321,12
171982480,6652,2
171982480,6652,11
171992004,4808226,12
172082553,18933266,5
172235751,8003764,5
172235751,8003764,11
172416291,66880,12
172750743,9000696,12
172782114,4132613,9
172909141,5865,9
173167234,4677863,1
173167234,4677863,2
173167234,4677863,11
173298304,11633375,2
173298304,11633375,11
173465943,893411,12
173567104,14143731,1
173905361,43449993,2
173905361,43449993,11
174154424,2653658,9
174572285,62519,3
174582723,181692,12
174664221,12870387,12
175344668,10414360,12
175675117,3900206,5
176014533,5951297,9
176027558,5777065,12
176111156,35214,3
176111156,35214,6
176314433,5366601,12
176419643,6741484,12
176510550,962731,1
176748913,11690042,12
176850113,8331582,2
176850113,8331582,11
176913569,221501,12
177076182,11114709,12
177227367,149225,12
177363177,8272220,12
177562287,14275009,12
177582689,10952035,2
177582689,10952035,11
178061201,4342101,5
178061201,4342101,11
178393558,7875865,3
178430850,7875678,12
178653853,4865267,12
178703424,309469,12
178793792,3340860,2
178793792,3340860,11
178811052,10560886,12
178867238,73139,12
179088194,13059378,2
179088194,13059378,11
179088707,13059378,2
179088707,13059378,11
179683798,899999,5
179737559,243727,12
179840301,2071292,5
180024373,6372067,2
180024373,6372067,11
180274286,893897,5
180550385,32231,12
180604319,14890720,12
180636621,8241411,5
180636621,8241411,11
180874774,7261183,12
181007183,3028912,12
181090201,169660,12
181391240,3321888,3
181510149,158222,12
182228385,4439432,3
182228385,4439432,11
182429439,7436515,12
182441100,11141838,2
182441100,11141838,11
182636957,2293646,12
182705445,14460545,12
182775437,30339,12
182996942,7669071,5
183042276,18553,12
183072492,5910857,5
183072492,5910857,11
183140654,11931879,12
183160891,8621378,3
183690432,60613,12
183703479,9026419,3
183711405,66881,3
183740606,255627,2
184056116,3512512,12
184402397,743449,1
184402397,743449,11
185058198,14513019,12
185092142,314828,12
185710978,1524604,12
186316529,80103,12
186456584,962731,12
186728239,17901688,12
186730349,23638,3
186730349,23638,11
186816662,6142330,1
186816662,6142330,11
187441676,14733137,12
188085137,18618509,12
188085479,383626,2
188085479,383626,11
188099299,1047970,12
188106925,1342873,12
188141805,3958289,12
188149418,36979,5
189190464,1506983,12
189462638,9760905,1
189590699,1751142,2
189599164,9600220,12
190007163,412215,12
190021273,5254612,12
190098355,8807546,12
190392792,2636700,12
190471536,5856737,12
190854993,273285,5
191148479,5076339,2
191206669,1461886,12
191332832,2623498,12
191392364,5632489,12
191749413,414744,12
191970687,48907,2
192501580,4666272,12
192777912,15829930,12
193003070,10060114,12
193290979,994029,5
193291165,364093,2
193561097,10388076,2
193685239,1201006,3
193904522,1015583,12
194011935,451207,12
194334805,395193,12
194442052,22705,12
194576852,13949964,12
194715423,14732751,12
194755642,14433025,12
194792675,15673406,12
194951513,32298,12
195236980,536018,12
195395084,45625294,12
195848111,11926114,12
196198241,8312243,12
196333407,15676512,12
196597752,4727344,12
196790156,14433025,5
197005803,43715,12
197235342,15116785,6
197614705,9996355,12
197975769,1017447,12
198333782,28475,12
199057497,248083,1
199057497,248083,2
199057497,248083,11
199135064,513484,12
199191770,3017,5
199191770,3017,11
199299818,7829167,12
199379578,5793078,5
199475868,154362,5
199475868,154362,11
199507853,16407645,12
199993301,16473622,12
200351309,6734735,2
200351309,6734735,11
200710021,10449372,12
201011528,8936545,1
201011528,8936545,3
201011528,8936545,11
201766902,18717338,12
202799102,1973973,12
202869635,261035,12
203553945,9277979,12
203754300,232175,9
204029919,10285489,12
204468176,19508635,12
204864017,1297124,12
205076400,88324,12
205247319,11200658,1
205247319,11200658,2
205247319,11200658,11
205599494,3204237,1
205642250,14160327,12
205668592,12305325,3
205668592,12305325,5
205668592,12305325,11
206201750,2189594,12
206212440,2189594,12
206316943,8809740,5
206360230,905487,2
206360230,905487,11
206693084,5580715,6
206881093,1641338,2
206881093,1641338,5
206881093,1641338,11
206913782,54247,12
206937890,5044573,12
207208385,14738311,12
207622175,375217,12
207739395,102518,1
208620940,10702200,12
208893661,30374,12
209695517,6734735,12
210344651,8974829,12
210439692,16740984,2
210439692,16740984,11
210769493,56542,12
210925999,19345,12
210947352,15550180,12
211080548,3627682,2
211080548,3627682,11
211228696,233405,12
211249084,15672818,12
211429320,610531,12
211583169,7697,1
211589561,1520528,3
211801611,11942987,12
211843277,19716446,2
211843277,19716446,5
211843277,19716446,11
212047900,379440,12
212667290,56659,12
212719033,1261730,12
213083607,306743,12
213290300,11779116,12
213378717,15283826,12
214161147,11399628,2
214207907,6197978,12
214569026,16856142,5
214569026,16856142,11
215108939,1093357,12
215193336,11786815,5
215193336,11786815,11
215718167,7520918,12
216114275,10226848,12
216224416,9339018,12
216285311,50545,5
216285311,50545,11
216292541,5334607,12
216420658,591058,12
216761208,15339246,9
216820721,17388540,12
216893831,4811501,12
216918216,17454,5
216918216,17454,11
217035147,2652260,5
217236478,524895,1
217361121,566283,12
217626763,67630,5
217626763,67630,11
218404440,17035268,3
219164983,53214,12
219568630,1205305,5
219568630,1205305,11
219607793,892031,5
219704942,13226800,1
220376100,364118,12
220875803,1426989,5
220875803,1426989,11
222111314,11336844,5
222111314,11336844,11
222919606,9504027,12
223789807,167378,12
223984303,14303467,12
224115105,5816836,12
224137586,11991546,12
224260377,59755,12
224268689,16921855,12
224473215,21883857,12
224618989,12629319,2
224618989,12629319,11
225041984,5689284,12
225495092,638360,12
225611997,8686380,5
225611997,8686380,11
225991979,6945948,12
226400365,17090711,12
226484973,10913139,12
226793944,357220,9
227038468,16974913,12
227265971,426484,12
227671381,1379565,12
227697288,4132613,1
227729300,307050,12
228029983,2688239,12
228051239,16085505,5
228051239,16085505,11
228080049,12607832,12
228108036,80824,12
228157514,657531,12
228193454,17524651,2
228253741,33879,12
228803578,582473,12
228884379,511806,12
229347017,1648419,12
229529204,1467692,12
229780750,8426563,1
229896959,10325195,12
229904988,18562984,12
230078196,1076869,12
230268903,148983,12
230627289,18842323,12
231585158,12741336,12
231602930,16118202,12
231605340,742964,12
231677785,10955187,12
231710570,5310447,5
232375307,10550213,5
232457609,29234,1
232500645,18890984,12
233391363,1192925,12
233734861,14247809,2
233740938,18788983,6
233740938,18788983,3
233865893,13441147,3
233865893,13441147,5
233865893,13441147,11
234538069,250499,12
234724080,8511707,1
234771353,4759183,12
234956537,2399838,12
235131990,621063,3
235687845,160851,12
236298884,186367,12
236381043,17939116,12
236660722,20032,3
236800089,14231193,12
236801141,12755356,5
237001374,7546657,2
237001374,7546657,11
237097914,17288411,5
237248988,19908980,2
237248988,19908980,11
237490454,19381538,12
237533666,53316,12
237643353,32387701,12
237807647,230319,12
237954700,384758,1
238653450,1448019,1
239168850,348450,12
240032905,2159571,12
240517153,22915,12
240957937,6237101,12
241161111,9320297,12
241381517,2419014,12
241556955,340439,12
242473446,9285385,5
242810706,39512776,12
243004223,5169737,12
243298689,1505224,12
243418451,150340,5
243806054,10593955,12
244244278,4080979,12
244567150,6171783,1
244567150,6171783,5
244567150,6171783,3
245141072,14005131,12
245533245,6955945,5
245627038,1650640,12
245818506,12673430,2
245818506,12673430,11
245937213,277289,12
246165052,181556,2
246165052,181556,11
246580095,25735,2
246580095,25735,11
246780575,3357322,12
247021358,5796612,5
247021358,5796612,11
247286133,651702,12
247428176,9011021,12
247598521,14059031,6
247677127,11247343,2
247677127,11247343,11
247770223,513390,12
248574098,19361483,12
248878153,19504863,5
248878153,19504863,11
249164172,11381701,12
249241897,13107435,12
249348619,17375474,12
249379163,5822681,12
249511943,18247837,12
249522081,16842841,2
249522081,16842841,11
249662964,838950,12
249716392,2990151,12
250069625,2043791,2
250158993,164226,12
250219216,16846239,5
250230905,7151015,12
250347059,5199402,3
250415807,8637246,12
250504363,5987,2
250504363,5987,11
250547569,1344546,12
250584713,13156300,12
250593923,3462900,5
250599080,11437460,12
250998071,3992164,12
252208381,10156970,12
252430044,21883857,2
252430044,21883857,11
252715928,42627,2
252715928,42627,11
253106958,17901155,12
253691077,221962,5
254080270,3900384,12
254289420,605581,1
254962037,16976547,12
255571952,966943,12
255957674,14203818,3
255957674,14203818,11
255979484,3826186,12
256245576,249627,12
256593991,66051,2
256593991,66051,11
256612200,60043,12
257511874,749973,12
257616330,17260704,12
257821944,5777065,12
258028067,959184,12
259419112,247805,12
259446840,1569780,1
260494378,370200,12
261075974,495028,12
261256473,14070756,12
261557629,6741484,12
261998682,20814036,12
262329891,3484664,3
262427020,18311159,12
262537428,203864,12
262861585,20741014,1
262861585,20741014,6
262861585,20741014,11
263498908,2453243,12
263836121,20878677,12
263975901,221677,12
264139159,195833,12
264163228,689527,6
264467250,18096566,12
264526571,3139417,3
264566908,9982733,2
264682552,21311313,3
264691477,11983273,12
264888303,10637245,5
265873582,12136398,12
266017384,63380,12
266325783,15449759,2
266705135,34069,12
266992585,18538784,12
267078994,2872825,5
267078994,2872825,11
267344787,4416101,5
267344787,4416101,11
267528809,581509,12
267716417,1067977,12
267751071,18104448,2
268041798,9758438,12
268252161,17164890,12
268335202,11262088,12
268337882,11426658,12
268983452,15325500,12
269180860,19828159,2
269180860,19828159,11
269316301,21133549,1
269687757,32509,2
269687757,32509,11
269997922,2872825,12
270274202,17965515,5
270376563,18686399,12
270386374,717037,5
270386374,717037,11
270883083,278018,12
271144333,5819521,12
271164941,2924362,5
271164941,2924362,11
271429136,958050,12
271944375,18774671,12
272466859,10654796,12
272645796,174952,12
272805513,2161508,5
272805513,2161508,11
273369869,10851639,2
273369869,10851639,11
273474121,19017269,12
274443219,5222270,12
274704776,14666843,5
274704776,14666843,11
274782917,3496777,12
274836395,10572765,3
275619857,3124281,12
275804758,747522,12
276106060,78455,12
276451304,17552543,2
276451304,17552543,11
276482607,20529744,12
277553354,159748,12
277744568,41536,12
278331470,21150369,1
278780014,21378597,2
278780014,21378597,11
279049761,8594361,12
279160564,11088787,12
279399842,1225277,12
279875805,310708,5
280288982,9391217,12
280633406,23227,2
280662486,1000684,12
280843981,160126,12
280858786,3703508,5
280999180,8147126,12
282894309,2114962,2
282894309,2114962,11
283285466,3979621,3
283460229,315196,1
283657436,1171445,12
283720111,397246,5
284724854,10958682,12
284941343,544705,5
284941343,544705,9
284941343,544705,11
284945362,23424179,9
285696196,298622,5
285696196,298622,11
286368923,36772726,12
286770922,22564832,12
286771905,20753871,5
286771905,20753871,11
286960421,12230730,2
286960421,12230730,11
287001519,20447292,6
287001519,20447292,11
287011907,1040948,5
287085560,18361730,2
287298747,24151,2
287480008,21656037,12
287550839,17205545,5
287550839,17205545,11
287648841,12262182,12
287814416,22673889,5
288147999,905957,12
288187259,20753871,12
288215170,14157939,12
288554597,21214873,12
288611670,6622547,5
288611670,6622547,11
288768920,21193910,12
288777438,85694,12
288855636,19477573,12
289090158,362188,12
289607268,10169749,2
289607268,10169749,11
289819072,1843395,12
289944566,2129433,12
289979521,731981,12
290080700,14987776,12
290177038,4211095,12
290368488,596830,12
290388903,1050736,12
290543613,6723276,12
290748855,237871,2
290748855,237871,11
290832679,22852319,12
290838157,19929970,12
290859319,2998827,12
291153015,944017,12
291538251,21613382,12
291622975,3841047,12
292287858,679967,5
292287858,679967,11
292340699,631870,5
292340699,631870,11
292427156,1390721,12
292569995,9569536,3
292743588,3849682,3
292794838,12612514,2
292925566,228867,5
293071547,677901,12
293158937,22920162,12
293525954,23025799,12
293646106,5290678,2
293646106,5290678,11
294226607,22910463,12
294603735,18435476,12
294810506,17169737,12
295332951,905957,12
295423480,474000,12
296046004,3786128,12
296415662,3127711,12
296957099,18361730,12
297253827,4564604,2
297253827,4564604,5
297253827,4564604,11
297839284,699466,2
297839284,699466,11
297959675,1696606,5
298078945,23115929,12
298216529,17525955,12
298353276,6131798,12
298601353,9067640,12
298750207,143206,1
299091216,511622,12
299197437,5233774,5
299279801,23219427,12
299481714,596830,2
299481714,596830,11
299613619,42076,2
299651798,440467,12
299754436,3017941,3
299819274,20811241,2
299819274,20811241,11
299823697,19477573,1
300061384,1569872,12
300120826,2923126,3
300309480,13288852,9
300309480,13288852,11
300384223,4537429,12
300849328,3444993,12
301084823,7661564,5
301084823,7661564,11
301192095,2137845,5
301192095,2137845,11
301453772,13759786,12
301601606,2574542,12
301703238,20345569,2
301703238,20345569,11
301846297,313345,12
301860735,22590701,5
302016001,4469365,5
302016001,4469365,11
302850746,10947294,12
302912304,14537670,2
303194983,5027752,2
303194983,5027752,11
304271830,1175987,5
304319516,17901388,1
304966934,2246202,12
305023538,18707196,3
306029924,1938147,12
306375242,2184258,5
306472653,39760328,12
307040940,2384174,12
307436061,7473,12
307678587,1704694,12
307800549,18438494,12
307909538,23146406,12
308006005,2667864,5
308006005,2667864,11
308454146,22385122,12
308463818,5515121,5
308538243,907306,12
308633558,8536948,2
308633558,8536948,11
308776385,156587,5
308944166,20963041,12
309264620,11986,2
309264620,11986,11
309440885,1497718,12
309512369,2258409,12
310140531,3479332,12
310435405,6058229,12
310625785,19396977,12
310630425,14050139,12
310722453,6488903,12
311520969,518916,5
311520969,518916,11
311961105,946164,12
312361074,1644840,12
312869160,11791801,12
313080733,13336602,12
313153991,23974259,12
313312311,1656653,12
313357000,7701849,12
313408804,171741,1
313454290,27102,12
314467290,3535282,5
314467290,3535282,11
314539055,20113970,12
314553352,11732933,5
315402554,20963041,12
315626460,79397,5
315949206,17965515,5
316107378,382736,12
316291450,4732861,5
316294217,4544450,5
316294217,4544450,6
316294217,4544450,11
316599503,175837,12
316639741,2041201,12
317160737,17525955,2
317160737,17525955,11
317297056,239489,12
317333339,3944709,12
317392266,68904,12
317618688,440467,5
317818075,23010174,12
317890197,21408013,12
318038904,24062551,12
318223017,2221484,12
318263127,6713333,12
318568181,495028,1
318568181,495028,11
319035093,5330383,12
319653036,15190346,12
319695800,5536529,1
319695800,5536529,11
319810232,159748,2
320123230,44635,2
320123230,44635,11
320175607,20401827,12
320632934,13691952,1
320632934,13691952,11
320856343,454401,12
321000131,22597187,3
321121011,71802,12
321253021,5281582,2
321253021,5281582,11
321571480,8611983,6
321807134,16096383,5
322007788,24214453,5
322635207,33441710,12
323168532,4723694,3
323168532,4723694,11
323836267,24721032,12
323958953,7001498,5
323958953,7001498,11
324234851,173486,2
324234851,173486,11
324396822,7487617,12
324592372,10952024,6
324982647,19324899,12
325628955,758239,12
325958152,705685,12
326225536,2514216,12
326725414,5656683,12
326890616,59628,12
327667757,1013925,12
327796068,9372646,5
327902038,19737831,1
327930358,779136,12
328164578,2122508,2
328164578,2122508,11
328283369,10952024,12
328564928,11227013,3
328732129,1209269,12
329317751,3522778,12
329508882,3811166,12
329784247,20868001,12
329920271,11732933,3
330084042,501937,2
330084042,501937,11
330313029,886579,12
330489466,2398921,5
330879272,11230384,1
330975478,1109042,5
331236890,1843931,3
331396242,23089224,1
331401931,325218,2
331401931,325218,11
331410359,11834004,12
331429481,3344140,12
331562311,1292962,1
331562311,1292962,11
331608967,357220,5
331902906,1971339,2
331902906,1971339,11
331986527,26797,2
331986527,26797,11
332087599,17278765,12
332167195,1121484,12
332519492,25187824,12
334016896,843354,2
334032400,5029244,5
334232764,22711766,5
334516621,7914076,12
334614303,2043791,5
334690338,2043791,12
334698241,2598600,2
334698241,2598600,3
334698241,2598600,11
334795055,19349826,12
334817498,20894257,12
334838706,2511386,5
334935232,21684356,3
334987656,14093399,1
335088234,996951,12
335159687,717125,12
335642110,23919750,12
335698361,314828,12
335837031,25361772,6
336402003,55942,12
336514926,454401,12
336681459,338344,3
336862399,3780200,5
337386774,16565139,5
337577264,485643,12
337599976,23112313,1
337599976,23112313,11
337606330,457292,5
337606330,457292,11
338071978,18055005,1
338333531,7655634,12
338343081,402850,12
338406964,20289325,5
338406964,20289325,11
338467072,1140787,12
338592298,19792392,1
338839077,814490,12
339021398,21022541,12
339071886,54176,12
339253172,9104734,12
339752613,30364,2
339948615,556066,5
340014589,20834427,3
340014589,20834427,6
340219482,670378,12
340224089,12663,12
340318767,2419014,6
340767328,7877232,5
341180410,15753220,3
341284392,363254,12
341602280,1018276,12
341620493,24113749,12
341852523,23719,12
341875427,43234,3
341943459,219642,12
342242132,19914748,12
342243692,22688147,5
342243692,22688147,11
342247487,12226446,12
342249160,1448736,12
342288734,23715802,3
342356449,10688917,12
342383543,24326326,12
342624456,9432075,12
342744580,2052327,5
342744580,2052327,11
343272399,19477573,12
343491183,2248653,2
343491183,2248653,5
343491183,2248653,11
343831645,256004,12
343934708,4151577,5
344053299,181426,12
344089446,12441518,5
344089446,12441518,11
344827299,932529,2
344827299,932529,11
344828785,12520862,5
344828785,12520862,11
345024009,509446,12
345189705,1172821,12
345499333,13935781,5
345499333,13935781,11
345874155,11541203,12
345887338,2430532,12
346627086,26059450,2
346627086,26059450,3
346918264,26373523,12
346956058,24509863,2
346956058,24509863,3
346956058,24509863,11
347597557,26225639,12
347666025,24528755,12
348236155,355900,5
348236155,355900,11
348273744,11796140,12
348387799,9205050,12
348470783,21089250,12
348602751,586840,12
348794731,3601402,12
349270901,23108983,3
349527418,3973724,3
349800180,103063,12
349819255,258790,12
350188537,18772558,3
350279550,24294457,12
350384254,8288153,12
350434338,15313466,12
350440728,13336349,12
350669245,25401574,12
350800060,331417,12
351170913,5321,5
351202653,13826748,12
351355045,64394,2
351355045,64394,11
351605160,6407860,5
351634842,11986,12
352453805,18424435,12
353597131,12959925,12
354022597,206705,2
354022597,206705,11
354491976,531897,2
354491976,531897,11
354624928,27451799,12
354745039,2092499,5
354745039,2092499,11
355234245,3953427,12
355359368,4887,2
355359368,4887,3
355359368,4887,11
355428406,450389,12
355606117,9504027,12
355759392,25594738,5
355785586,10914033,12
355851438,399783,12
355886865,18978751,6
356035285,10114596,5
356372986,4312,12
356724954,435204,5
356724954,435204,11
356948455,232522,5
356948455,232522,11
357015681,5951,12
357076939,14485150,12
357151842,11181785,12
357493881,26388815,12
357718014,16473469,12
358262551,26097009,2
358262551,26097009,11
358949739,7129693,6
359125840,11947794,12
359413264,8617766,12
359780899,22415493,12
359927955,7927053,12
360112145,18527270,12
360152485,8035701,12
360676541,27168600,12
360880370,25507494,12
360915184,2192619,12
361229474,336110,12
361300467,59062,12
361415926,21022541,5
361415926,21022541,11
361858131,250499,1
361929973,27320458,12
361986768,27040057,12
362327352,415098,3
362327416,415098,3
362589815,25335910,12
363106069,205724,3
363119646,159268,12
363256449,21809,12
363673533,8841760,12
364114779,26899840,12
364179638,11047281,12
364348837,8277124,12
364490601,23024,5
364490601,23024,11
364932980,1175987,12
364959826,12182330,12
365023140,322798,9
365061339,22639679,12
365656142,241905,9
365733706,2164293,12
365870842,237871,9
365918637,4169247,5
366121983,1778716,12
366227189,2878666,12
366354000,3215221,12
366852450,25579142,12
366891737,25554161,12
367281498,9877115,12
367547294,1112494,2
367547294,1112494,11
367672173,55245,12
367801508,580296,12
368277207,17798548,3
368841820,7350552,5
369317583,26488378,5
369933039,2182654,12
370148440,21344397,12
370247263,8913012,12
370250417,1864131,5
370834386,26292346,12
370910359,156591,1
371200338,18807044,12
371597557,25669714,12
371796645,2092499,5
371796645,2092499,11
372213356,17592646,12
372607436,38373,12
372758427,2674279,12
373004398,3859038,5
373135780,2985832,12
373234612,26018664,12
373290502,2304760,12
373306632,1342873,12
373549883,5525966,12
373639179,9104734,12
374086917,1696666,12
374224440,7151287,5
374224440,7151287,11
374289373,19680601,12
374325088,4624749,2
374325088,4624749,6
374325088,4624749,11
375041317,2419014,12
375397211,907506,12
375826874,163893,2
375826874,163893,11
375849995,16406821,3
376096978,14730870,1
376249401,184399,2
376249401,184399,11
376330099,7940469,3
376330099,7940469,11
376443685,207114,12
376807497,5172504,12
376827808,237871,12
376958246,22897967,5
376958246,22897967,11
377057063,9342734,5
377151557,11947794,5
377413189,1400919,12
378078052,24642416,12
378369023,8838371,3
378511659,2361042,6
378839830,6870622,12
379007756,13804,5
379192591,27688481,5
379192591,27688481,6
379792877,27619651,12
379837509,6310,5
380021883,20049668,12
380583049,32519135,2
380829417,443242,3
380886072,1792122,12
380910993,18361730,12
380978900,18361730,3
380978900,18361730,5
380978900,18361730,11
380989510,26833,2
380989510,26833,11
381101987,1008145,12
381376796,28397941,1
381376796,28397941,11
381708286,8424173,12
381731340,28466323,12
381754090,22121576,12
381830406,18361730,12
382050804,25027868,12
382081922,21148665,12
382091200,27280411,12
382211181,4829129,12
382276779,1655812,5
382286510,1268047,12
382759410,656933,12
382819018,6116441,12
384111807,1670887,12
384128947,27378644,12
384318552,427731,12
384374760,2657414,12
384391645,11326689,12
384394462,48460500,12
384731580,28430520,12
385054609,14206625,12
385144489,4529038,12
385204044,4983430,12
385310979,6145048,12
385406949,20170,12
385424671,25969943,3
385444076,11311613,12
385523038,24642416,3
385635279,4500695,12
386008564,3138585,2
386008564,3138585,11
386241428,23958944,9
386687246,5842030,12
386816524,15164833,12
386941050,6945948,5
386941050,6945948,11
387251720,3099624,9
387375587,22310094,12
387403576,78362,5
387403576,78362,11
387414798,19159,5
387414798,19159,11
388146689,27316073,12
388149344,697710,3
388255675,6831971,12
388498736,56542,12
388701148,102871,12
388708180,14724189,12
388745249,1239315,12
388779405,23404692,12
388807153,22503849,12
389175532,28914618,3
389413891,7315451,12
389511647,11109572,12
389758840,27255787,5
389758840,27255787,11
390108864,595801,12
390982483,1082758,5
391185411,17440144,2
391185411,17440144,11
391374048,907293,5
391595442,23769404,12
391834574,55115,2
392451508,27650244,12
392533326,5035602,12
392639279,62676,5
392736586,28725695,12
392899383,22918498,12
393216817,1753437,12
393344925,963152,12
393371616,11042849,12
393473354,27855549,12
393558741,19953329,12
393882592,5907,5
394357598,1717941,12
394422500,27115282,12
394743322,15827900,5
394765692,15097800,5
394862911,501447,12
394992243,22503849,6
395315254,23166704,5
395315254,23166704,11
395509252,1137706,12
395853457,4500300,12
395952310,16821010,12
396133071,20984189,12
396232075,4424447,5
396232075,4424447,11
396601470,7672518,3
396601470,7672518,11
396801110,18947898,12
396903055,5571205,12
396976952,1802809,2
396976952,1802809,5
396976952,1802809,11
397315858,27650244,1
397369076,28527098,12
397423956,28658842,12
397479848,7705535,12
397484922,28257425,12
397627440,7239,12
397775099,3364578,12
398456725,10422207,12
399061818,169602,12
399104252,375986,12
399197266,4267714,12
399296138,555623,12
399317355,25443606,12
399318090,14302690,12
399941436,3282281,3
399975501,2533928,12
400380967,25797464,5
400503773,16783562,5
401953308,29860809,12
402028779,457229,12
402363418,19185907,12
402439780,756433,3
402467959,1305286,12
402555815,1053601,12
402626374,11732933,12
402777397,3041760,2
402848387,20596738,12
402889040,1157732,12
402970033,11024680,12
403018623,19509978,12
403224633,6611509,5
403224633,6611509,11
403859605,1855753,1
404208346,10956409,12
405147889,1701189,3
405582697,3983421,12
405615086,4639941,12
405755490,24950645,12
406026074,14184004,9
406389702,19946064,12
406702009,209103,12
406819339,26641139,2
406982588,13991128,12
407246775,1071665,12
407259116,386195,12
407517718,1231316,12
407539522,1152442,12
407591244,1347865,1
407677914,27542519,12
407786128,6367150,12
408261783,2700668,2
408261783,2700668,11
409176083,6954813,12
409389099,4269437,2
409389099,4269437,11
409408856,17271235,12
409470991,5757353,12
409610594,709178,5
410096348,30208420,12
410219591,17998,2
410219591,17998,11
410646367,652531,12
410976532,27689397,12
411390257,2471769,12
411544796,154742,12
412033144,750304,9
412034006,2169789,5
412034006,2169789,11
412229233,25246990,12
412318915,21100837,12
412412291,30520821,12
412543965,1211024,5
413303187,28954854,12
413672589,26464364,12
413944576,30500243,12
414122658,30139175,12
414153161,2623498,5
414745121,2029539,12
414909872,392308,12
414971260,29566606,12
415019245,8133962,12
415046075,1409994,5
415095334,587642,12
415317243,18396859,12
416139986,24336145,12
416396896,19835450,2
416396896,19835450,3
416396896,19835450,11
416527234,1544088,12
416656566,616622,12
416798385,2530739,12
416881396,474406,3
417200166,8612528,12
417476919,27657925,12
417523955,20875113,12
417924455,5469717,12
417948922,30939024,12
417969545,681535,12
418310049,169212,12
418442249,30939024,12
418539123,13327177,12
418579206,3058522,1
418616181,5416747,5
418616181,5416747,11
418897259,1125337,2
418897259,1125337,11
419467880,27413270,9
419962058,381445,12
420053067,26744350,12
420235540,199286,12
420345268,2616902,3
420404809,5930956,12
420544189,1686142,3
421084960,22618,12
421442251,840099,2
421442251,840099,11
421443226,15840903,5
421641160,11783398,12
421912199,7995282,2
421912199,7995282,11
422066876,6853619,12
422424007,2741999,12
422620426,5617932,12
422644434,1621949,12
422655195,29561487,1
422732893,31013607,3
422757603,1440545,12
423258158,306460,5
423623395,13031593,5
423623395,13031593,11
423868176,1778120,5
424219076,17178601,12
424387417,913283,5
424387417,913283,11
424415466,31226370,12
424451898,954394,12
424643792,3693912,12
424876240,5676714,12
425113593,11447961,3
425162672,13433150,12
425483266,9321555,12
425520136,33728,12
425671912,18194927,12
425924549,870269,12
425992606,26146571,12
426240360,24283638,12
426330381,661036,3
426330381,661036,11
426415158,30857544,6
426882659,3393693,5
426882659,3393693,9
426882659,3393693,11
426891139,31319897,5
426891139,31319897,11
426964586,286390,12
427212259,14274033,12
427837406,12101869,12
427971770,1116006,12
428034762,26146571,5
428581488,357505,12
428638652,4466198,5
428705685,29230675,12
429181812,27003839,3
429310558,30343291,12
429319775,6215958,12
429396091,8594603,12
429463385,31796709,12
429604480,20156329,12
429615298,8110000,2
429615298,8110000,11
430276926,7060917,12
430369647,3413334,3
430408421,431754,5
430408421,431754,11
430729736,31564598,1
430902377,1123476,5
431279433,18285,12
431328597,1509817,12
431675808,1607478,12
431696560,13312898,12
431783449,20920288,5
432101791,12164751,12
432321353,31917288,12
432433964,28126114,12
433283420,8052761,12
433414966,25660289,9
434211867,5382318,2
434530203,27439614,5
434530203,27439614,11
434586955,33933753,12
434664255,3454993,5
434664255,3454993,11
434853343,26457395,12
434893913,29061888,12
435012154,30338007,12
435013584,150340,9
435148954,2928537,3
435148954,2928537,5
435148954,2928537,11
435379280,20740561,12
435384170,340039,2
435622292,200536,6
435739971,18811741,5
435739971,18811741,11
436001999,1480741,5
436001999,1480741,11
436027883,26258696,12
436387157,2700668,12
436488495,363999,12
436535929,6804644,12
437467603,25203642,12
438035365,21655117,12
438042314,8711384,12
438066709,28383286,5
438418027,27946453,12
438599251,5436324,12
439077749,661026,12
439166932,1752185,12
439189786,3605019,12
439729345,2533444,12
439985293,1023035,12
440493196,29078945,1
440493196,29078945,5
440901631,28059680,2
440901631,28059680,11
440908866,8384405,12
440933834,378453,12
441268513,31519840,12
441412302,886794,12
441614680,20037861,12
441847624,15323,12
442379108,26828298,2
442540962,30965,12
442767315,3004420,12
443055690,32187553,5
443540508,3422813,12
443548239,55245,12
444008162,69769,12
444209702,18933066,2
444209702,18933066,11
444232914,20843135,2
444459627,29686800,12
445173445,22355,12
445564473,28762737,12
445832814,2081034,12
445842370,29310095,5
445902937,19907277,5
446395828,4413211,12
447041005,26775444,1
447168942,30655949,12
447185279,1809220,1
447185279,1809220,3
447469743,4795269,5
447493831,410046,5
448277345,5038053,12
448484120,31614586,12
448486486,1629233,12
448747630,32909332,12
449037248,3574775,12
449220828,12017602,12
449582993,14810109,12
449706054,27504647,12
450196373,5052295,12
450565667,25206989,12
450807374,1825751,1
450807374,1825751,6
450807374,1825751,11
450853564,2367217,12
450959623,33077043,12
450966161,1707010,5
451542013,3691070,3
451542013,3691070,5
451542013,3691070,11
451735599,1945597,5
451799637,78255,12
451863518,7803425,2
451863518,7803425,5
451863518,7803425,11
451872684,32313606,12
452104707,22931111,12
452366148,7517779,12
452459206,11986,5
452459206,11986,11
452551258,169574,5
452551258,169574,11
452560452,12359686,1
452637608,44988349,5
453290390,26504978,12
453405454,26552157,12
453789687,2606897,5
453986697,4051501,12
454088616,32512,2
454088616,32512,11
454113774,1967116,12
454785872,31884571,12
454926464,1873322,3
455114559,29044071,12
455151585,29633639,5
455151585,29633639,11
455306700,19281864,12
455377515,221558,12
455423259,31843846,3
455460067,1411403,12
455692082,29196086,12
455709795,11968,12
455715943,1001231,12
455953804,29725372,12
456039812,31176241,12
456528882,12998062,12
456570885,136600,12
456659358,28950717,12
457174088,27227559,12
457314033,741372,12
457565218,25942292,12
457839907,33557380,12
458136607,15311356,5
458377983,8096136,12
458497736,28511558,3
458753899,8490502,12
458879821,4276758,5
458879821,4276758,11
459076063,30821628,2
459076063,30821628,11
459153183,33273218,5
459168063,16885554,3
459303655,19961056,12
459407309,32923239,3
459446900,31684031,5
459754246,30228720,3
459933772,27042836,12
460091637,18921979,12
460391505,31055925,12
460637076,10244797,12
460852655,215013,5
460852655,215013,11
460919031,723665,12
461235217,16190519,3
461261152,28425694,5
461261152,28425694,11
461607958,27583194,5
462195587,1970304,12
462515097,23411531,12
462763413,17617561,12
462948044,24028176,5
463907024,20301715,12
464150407,32774699,12
464786622,37534,5
464987660,12846621,5
464987660,12846621,11
465132870,2346667,12
465507551,12164751,2
465507551,12164751,5
465507551,12164751,11
465553228,4231848,12
465603053,21312829,2
465851394,24051383,9
465886974,26258348,12
466038070,163892,12
466146715,16795291,12
466406509,32780827,5
466576843,1281389,6
466598833,17997437,5
466598833,17997437,11
467539977,874504,12
467628239,23120866,5
468028385,16804159,12
468181642,7028414,12
468636913,3265937,12
468791615,365352,12
468903705,4888040,12
469311680,619407,12
469550826,45218,12
469580120,30857138,9
469656434,30865926,2
469656434,30865926,11
469735666,30470945,12
469767405,750049,12
469983649,229795,12
470070247,1163998,5
470070247,1163998,11
470163131,4243698,12
470688153,32328043,12
470975113,532793,5
470975113,532793,11
471121927,32707565,3
471339333,34372191,12
472279135,33965039,12
472293194,33311829,12
472478077,8245873,12
472619387,1690486,2
472988629,565944,2
473032397,273726,5
473032397,273726,11
473324879,34328218,12
473447438,230955,2
473447438,230955,6
473447438,230955,11
473895143,47894952,12
474040757,7930825,12
474291784,20246201,12
474331072,7541765,12
474480128,11627546,12
474634610,28790036,12
474904251,13477836,12
474936251,58706,12
475488798,13779832,3
475949709,1029272,2
475949709,1029272,11
475977725,13695042,2
475977725,13695042,11
476112323,14752049,12
476528714,1045380,12
476573414,13771134,12
476730971,763013,2
476730971,763013,11
476784720,2878808,12
476934378,3492217,12
477270270,18411400,12
477386345,32982278,12
477476142,9319103,2
477476142,9319103,11
477576897,338344,12
477779950,19651669,12
477793168,12537116,12
478455077,22576,12
478710859,15627191,5
479003498,30732499,12
479055296,30999353,3
479105999,17549610,3
479105999,17549610,11
479151909,29360375,12
479308382,474454,12
479411447,4873771,2
479411447,4873771,11
479419349,759295,6
479419349,759295,11
479586106,5671648,5
479586106,5671648,11
479590224,171626,12
480395913,1439959,5
480395913,1439959,11
480396179,1265234,12
480470878,9272179,12
480519399,305147,12
480692645,8471318,3
480727026,11961880,12
480971065,8775637,5
481064367,19278567,2
481292044,24061330,12
481398621,2076061,12
481601086,9945566,12
481631184,34348544,12
481870827,24217897,6
482042902,1775706,12
482389944,16860409,6
482604068,1888454,12
483213111,26448275,2
483213111,26448275,11
483268985,20936119,12
483512009,17349106,5
483512009,17349106,11
483770417,13301372,2
483770417,13301372,11
483836879,34587578,12
484353436,28508186,2
484353436,28508186,6
484353436,28508186,11
484623079,31890787,12
485082533,129129,12
485314508,23045350,5
485322685,29108688,3
485476409,31427041,5
485496681,25738446,12
485512360,47894952,1
485923726,8149106,1
486115817,13120740,2
486115817,13120740,11
486260299,7651470,12
486397080,13739823,12
486420980,32308,2
486420980,32308,11
486746828,1421205,12
487215036,221677,9
487360207,31854275,3
488356959,6794739,12
488390170,3373497,5
488390170,3373497,11
488431279,31348569,12
488502199,20524263,12
488550880,18404191,12
488700363,35576776,12
489144901,25979342,3
489144901,25979342,5
489144901,25979342,11
489545491,394357,2
489545491,394357,11
489904383,15841922,12
489971991,8394247,12
489984465,602381,12
490367877,10812080,2
490367877,10812080,11
490493459,564161,6
490527353,568092,5
490530699,110280,12
490584141,26711859,12
491063838,200053,12
491086428,2903737,2
491510328,23581558,12
491512565,320466,12
491534168,622757,12
492166632,228464,12
492234942,167091,12
492243922,3454,12
492440034,22651689,12
492891983,12414833,5
492982314,12633799,5
492982314,12633799,11
492984843,16196544,12
493052347,204196,5
493160577,35859130,12
493244633,34907483,12
493271910,30011179,12
493484054,26566628,5
493484054,26566628,11
493516875,2826632,12
493841261,23269335,5
493841261,23269335,11
494119396,1789455,12
494220821,3824329,12
494381005,35571915,12
494602900,34514869,2
494630504,29052228,2
494778183,34856285,12
494917740,34358584,12
495153549,1307603,12
495295278,17347376,12
495818783,7450945,12
495997549,28146944,5
495997549,28146944,11
496148186,26520163,12
496253029,24923185,12
496346538,32153038,5
496381132,22087299,12
496550877,6418587,5
496724233,34250544,12
496792443,35375144,12
496842773,428105,12
496879495,30857138,3
496932748,18024084,12
497063899,35021371,2
497063899,35021371,11
497365787,32260386,12
497822608,1188541,12
497827349,26795,12
497947854,21282985,12
497998375,37477998,9
498202587,10327031,12
498490519,8850611,12
498498928,36185894,12
499005833,30821628,12
499031999,26755479,12
499147297,729870,12
499290089,18868131,12
499427629,2443968,12
499533816,34160254,12
499565996,498709,12
499938244,35624254,5
499959418,451160,12
500058941,382371,12
500149622,6118062,12
500152006,36008306,12
500248042,176595,1
500372312,20581906,12
500800192,3723799,5
500938549,3979351,12
500977500,36229707,12
500992789,35766650,12
501127654,599593,12
501318084,30332742,12
501361680,91195,12
501461124,25320504,5
501534164,16009,12
501849326,84588,12
502037543,21684356,12
502428698,2680305,12
503016931,233405,12
503082360,36068023,2
503113932,32362073,12
503132322,4699160,5
503214401,29196086,12
503700916,1827374,12
503759411,31691704,12
503899598,723665,12
503998816,35076265,12
504252204,33354199,2
504389773,31524181,12
504645790,10655280,12
505299597,31164208,12
505442126,25084215,12
505506744,967552,12
505545703,23411607,12
505551897,63578,5
505551897,63578,11
505726331,31555231,12
505742450,409176,12
505873635,12146269,12
505879480,24131322,12
506160245,29389943,12
506349039,31560106,12
506364984,6438103,12
506523447,3934071,6
506523447,3934071,11
506586669,3443107,12
506757574,3256380,12
507006695,35260636,12
507334123,12146269,3
507388348,30175697,12
507498597,25001260,12
507503288,5323,1
507719102,363342,12
507954417,7561720,12
507991597,63032,12
508557250,34072793,12
508625008,27403436,12
508692003,2676045,12
508711808,26566628,12
508791964,33615633,12
508831426,6357532,12
508843951,298686,9
509038636,4103708,12
509287847,15130811,12
509460180,5711789,12
509544091,701990,12
509620044,27076211,12
509670558,27915406,2
509670558,27915406,11
510279147,4888040,12
510280061,163571,12
510551762,1435715,12
510553228,11898862,1
510923588,1934392,12
511097965,31656709,12
511442681,35243935,12
511494998,7671575,12
512435843,31384839,12
512844680,5292388,2
512844680,5292388,11
513618447,445518,2
513618447,445518,11
513972773,3011180,12
514060970,169572,3
514323604,3213147,12
514455352,29871723,12
514626024,21424406,12
514652158,11578887,5
514652158,11578887,11
514741418,1445621,12
514791016,1919903,12
514836518,8087559,12
514852853,673092,5
514889512,20839652,1
514898711,9547085,12
514950827,2045043,12
515062353,5515121,12
515310073,191587,12
515374087,36115735,12
515589422,16161443,2
515589422,16161443,11
515607844,4533368,12
515688568,18711834,12
515710183,396364,1
515753118,87216,5
516032018,9413487,5
516032018,9413487,11
516566439,1912523,3
516815093,341631,2
516893609,21875,12
517017518,31381,5
517017518,31381,11
517786276,35044156,3
518101415,23923240,12
518505736,1885109,12
518597494,33819159,2
518597494,33819159,3
518597494,33819159,11
518668822,11470826,12
518832998,34498197,12
519020330,463700,12
519340029,6588696,12
519396614,30498,2
519396614,30498,3
519396614,30498,11
519420264,6761727,5
519558176,1346723,12
519571575,34128559,5
519571575,34128559,11
520080474,3044458,12
520185193,25729784,12
520352311,3206374,12
520553866,9060092,12
520576997,21344397,3
520784464,19929484,12
520793401,30822189,12
520881527,2795560,12
520928745,36427281,5
521010846,7828470,12
521522311,1264936,12
521826186,400306,12
521865430,255244,12
521969373,17935730,12
522065598,18853454,2
522134654,36087910,3
522134654,36087910,11
522143199,548599,12
522340679,17988473,12
522418925,922199,12
523064217,39912374,12
523106112,25674712,12
523584564,87513,2
523584564,87513,11
523670526,666476,12
523754623,19498990,12
524136705,17030926,12
524219443,14877447,12
524221857,201783,2
524395506,14877447,2
524395506,14877447,5
524395506,14877447,11
524452978,2337719,12
524520851,720204,12
524817024,3029374,3
524828364,30286002,12
524829969,1002744,6
524829969,1002744,11
525079021,34197619,12
525278970,34657326,12
525295436,61962,12
525883932,12837163,5
526074106,424589,12
526075579,11652033,3
526083923,2541090,9
526524019,37021699,12
526662452,21027927,5
526983426,2829947,12
527104309,35230197,12
527146038,31770697,12
527203958,16812900,5
527203958,16812900,11
527541841,21236734,12
527554478,36002226,12
527626580,13542396,12
527713908,35575722,5
527734993,36488023,12
528060446,1360682,12
528151806,13676810,12
528297719,33147030,12
528380837,656892,3
528380837,656892,5
528721793,7919771,12
528805210,5213977,12
529152625,26285942,12
529456439,45558,12
529527869,284434,12
529529496,33310381,12
529620848,1268362,12
529660723,37743450,12
529717397,59755,1
529850924,7514390,12
530293102,4390466,3
530293102,4390466,9
530491846,1826993,5
530498630,1184950,12
530659381,37556148,5
530659381,37556148,11
530727300,37982200,12
530819931,158741,12
531007160,14839052,12
531070741,9945566,2
531070741,9945566,11
531278991,160798,12
531438560,680175,5
531438560,680175,11
531960001,24296062,2
532216211,16512142,12
532253637,28511558,5
532326382,18182616,5
532326382,18182616,11
532600951,19113135,12
532757480,5267102,12
533143854,37110180,12
533154814,1792122,12
533296000,427545,12
533380082,15328460,3
533380082,15328460,5
533389124,32463320,12
533478105,11604804,12
533889924,37482194,12
533946951,37537879,12
534037685,2541931,12
534178708,11546879,12
534179378,35536834,12
534192627,35473278,5
534243730,569243,12
534471504,31748634,5
534732540,1569780,5
535042020,20882277,12
535095980,1154952,12
535171140,18902969,2
535213568,587845,12
535448307,12589784,12
535721012,32253,5
535747288,2808522,12
536031546,1378831,12
536243596,33548278,6
536284582,1403385,12
536315335,31329803,2
536315335,31329803,11
536327724,2146463,12
536487471,32342962,2
536487471,32342962,11
536503782,10285489,12
536629489,37760396,12
536693189,29635016,2
537092661,215935,3
537092661,215935,5
537747762,35473278,5
537910607,720414,3
538361825,38308828,12
539228476,6473627,12
539263640,22557286,12
539338621,7159912,12
539366734,36795070,12
539455142,20184620,12
539574795,4202928,12
539596656,12681072,1
540728714,2206008,12
541063202,4136323,2
541302504,7862201,12
541317617,20124413,12
541522174,1301373,1
541808730,487339,12
541935269,5869518,12
542297956,1795085,12
542448156,37663897,12
543006357,4980379,12
543523215,35576776,12
543802716,33069825,6
543863782,2556904,1
543863782,2556904,5
543863782,2556904,11
544045459,2169789,12
544226368,28511558,12
544721830,23723,12
545280219,37804859,12
545298362,14353566,1
545612134,838950,3
546196903,212645,12
546449533,324782,1
546449533,324782,11
546456691,23755972,2
546651695,630363,2
546729113,6733071,3
546729113,6733071,2
546729113,6733071,11
547077545,8524610,12
547278507,31989893,12
547755315,36860603,3
547768952,38666248,12
547880647,27324924,12
547888902,517319,12
547924066,35389839,12
548161586,1331313,12
548205953,30497138,12
548640902,548182,12
549135422,36295290,5
549135422,36295290,11
549185754,24099323,12
549369297,9480572,12
549726004,20412851,12
549808651,13435050,12
549926738,1601502,12
550079558,5979840,12
550108084,12873676,12
550227407,24952242,12
550281837,35897644,12
550573371,37208831,12
550683114,2601176,3
551206633,513390,2
551206633,513390,11
551424594,5228409,12
551653238,37633514,12
552009961,37050763,12
552157269,97685,12
552186164,563521,6
552529427,3461736,12
552630725,8096136,12
552689888,28423711,12
552995752,47540867,3
553198398,183124,2
553198398,183124,11
553422880,10055493,2
553422880,10055493,11
553423088,11812,5
553423088,11812,11
553555820,3082314,12
553638906,15231621,5
553651389,702579,5
553651389,702579,11
553663054,38387,2
553663054,38387,11
553723127,1485413,5
553724147,18083087,12
553850696,10110097,2
553850696,10110097,11
554114648,24630290,12
554631227,36493133,12
554953727,20696805,12
555305683,27174936,12
555376787,38954399,12
555612154,6434529,12
555734022,37521410,12
555959633,35920606,12
555967390,277880,2
555967390,277880,11
556029677,3027022,12
556400101,16152986,12
557357816,34197,2
557357816,34197,11
557695844,742964,1
557695844,742964,5
557695844,742964,11
558275659,38298344,12
558368157,31588734,6
558637639,8426694,12
558839696,29475589,12
558919278,37932412,12
559353699,18581626,2
559353699,18581626,11
559385595,20921498,12
559432846,15619833,12
559447578,23913127,12
559466545,15341,3
559466545,15341,6
559489862,37930958,12
559524328,1128456,12
559911389,21964270,12
560057145,2328809,2
560057145,2328809,11
560163098,25747473,12
560234148,53111,12
560367881,39702599,12
560435662,30231757,12
560493023,2996040,12
560772443,8231627,12
560865593,35055476,12
561057779,39746652,12
561208305,35398563,12
561355361,15535939,12
561768630,11835915,12
562641333,6435661,5
562641333,6435661,11
562714972,38680616,2
562881883,24010246,12
563097814,3794926,2
563131406,35818437,12
563175279,22427892,12
563415801,34097895,12
563743107,22782978,2
563743107,22782978,6
563824609,18482905,12
563933807,8108148,12
564269941,7905508,12
564605632,35461524,5
564605632,35461524,11
564717577,13212005,12
564875030,585899,5
564875030,585899,11
564906106,8289858,12
565119644,22585724,3
565119644,22585724,11
565395302,14303891,12
565823764,13362389,12
565827679,1551152,12
566093940,12303756,3
566234046,37618207,12
566309084,34384556,12
566653856,19294750,12
566684880,19690650,6
566896668,8112015,12
567058072,61763,12
567383131,19388138,2
567547394,37310013,12
567956851,26023649,12
567981894,40142158,12
568552230,35801977,12
569480534,921577,5
569597056,595801,12
570249310,40316071,5
570270761,2517159,12
570333700,1856911,12
570698038,33834080,2
570698038,33834080,11
571220951,407674,2
571702669,38813396,6
571702891,38813396,12
571913925,396356,2
571913925,396356,5
571913925,396356,11
572210555,26755479,12
572975395,39026706,12
573235408,12767523,5
573235408,12767523,11
573245027,33250591,12
573483390,11615984,12
573888360,2882475,6
574034732,25733238,12
574141812,28055293,12
574670997,3210182,3
574732095,23398844,12
575027205,39955405,12
575242941,2150997,12
575263088,1703415,3
575430712,38306138,12
575512587,37501817,12
575772870,5174507,12
575797088,35278446,12
576086989,1647678,12
576346633,6070224,12
576533046,9966036,5
576533046,9966036,11
576759061,40768837,12
576807973,42981582,1
576807973,42981582,11
577001785,8392018,12
577145782,1031258,12
577373385,79379,5
577373385,79379,11
577412881,17751882,2
577412881,17751882,11
577684987,167897,2
577684987,167897,11
577695910,1094430,2
577695910,1094430,5
577695910,1094430,11
578428887,28494764,12
578490240,8454469,12
578840218,15918467,12
578955289,30865980,1
579386200,39202444,12
579412547,28039598,12
579657169,1354291,5
579657169,1354291,11
579871538,39169551,12
580008312,26726634,5
580008312,26726634,11
580135636,39368493,12
580237399,20817284,12
580704285,485118,12
581526786,4459282,2
581682112,5228409,5
581693426,2648955,5
581693426,2648955,11
582029766,3828418,12
582035578,39784567,5
582035578,39784567,11
582069769,12796990,3
582139642,3759229,5
582139642,3759229,11
582249695,11361709,12
582397215,4102537,12
582477687,27949686,3
582477687,27949686,5
582477687,27949686,11
582825978,30972814,2
582825978,30972814,11
583063567,27775320,2
583469417,37011287,12
583701914,21244432,5
583701914,21244432,11
583713859,3938339,12
583830213,31464757,2
583830213,31464757,11
583839893,2430774,12
583876187,7347387,1
583876187,7347387,11
584013403,30023808,5
584013403,30023808,11
584117504,3744231,12
584344950,38282500,12
584428801,302754,9
584474320,5919849,12
584498564,1022953,12
584617396,9360757,12
584899247,31491219,12
584942128,39188439,12
585343986,40375556,12
585347358,19637796,2
585499197,206805,3
585604280,2695055,12
585997699,374328,12
586016385,2778874,5
586089981,19140670,1
586089981,19140670,11
586811243,12164751,2
586811243,12164751,11
586817828,4414827,12
587530366,7486293,5
587592960,1516389,12
587723081,2764750,12
587869692,4228118,2
587869692,4228118,11
587950824,2375508,12
588182443,5842115,12
588288839,34761505,12
588521840,39762022,12
588968807,26184600,12
589154112,32525210,12
589199802,35675414,12
589429431,21527047,12
589749420,4970576,2
590194569,3302836,12
590269562,993546,3
590547076,314855,12
590626838,1015583,3
590653829,35595780,5
591329345,363293,2
591329345,363293,11
591435261,13016885,2
591435261,13016885,11
591875728,1360769,12
591883492,32455092,5
591883492,32455092,11
592538349,22347942,5
592704368,19371162,12
593903212,361966,2
594171274,23797951,12
594311534,3729318,5
594384464,33898,3
594384464,33898,11
594483347,30270444,12
594505602,8517608,2
594741263,16190519,6
594741263,16190519,11
595012379,3717472,12
595096671,39453738,12
595116437,6719153,12
595291978,41909178,12
595796664,46924611,12
596088138,34429259,12
596415778,34017758,12
596521710,39780266,5
596521710,39780266,11
596636021,20030052,12
596980293,34540436,3
597347108,171593,12
597574813,262567,2
597689815,36882389,12
597713678,8115018,12
597757931,38106395,5
597781678,3024444,12
598104169,24912769,12
598114983,27166800,12
598340346,5437922,1
598385489,30104769,12
598518220,5442710,12
599052928,885151,2
599052928,885151,11
599063520,3594232,12
599441667,17161378,12
599785093,1004746,2
599785093,1004746,3
599785093,1004746,11
600436576,27653161,12
600527747,85629,12
600553776,151444,3
601310209,14887546,12
601386776,10229417,12
601784217,32339728,1
602078077,21455975,5
602078077,21455975,11
602958896,30939720,12
603213053,5557389,12
603236246,443825,12
603477318,25844193,12
603495573,41678555,12
604038351,36448923,12
604041407,39738881,12
604254447,8231096,12
604530792,1929146,12
604723330,22038550,12
604747265,8336313,3
605402009,40973020,12
605645962,24287418,12
605712261,39594192,12
605716030,717,12
605931486,39795211,12
606322281,8604959,12
606835485,7519180,12
606857480,20715044,12
607025010,661036,3
607025010,661036,11
607344277,34497947,12
607535195,177619,12
607856336,28209,12
608000682,1289906,3
608015238,21355232,12
608276417,12740460,3
608294058,3233233,12
608725752,1663064,12
609189137,41362964,12
609205272,535649,2
609205272,535649,11
609584750,3441277,12
609663692,27140607,2
609663692,27140607,11
610035438,5082768,12
611309928,4565593,12
611366832,4271725,12
611394257,41152911,12
611420367,56509,12
611480732,38298344,12
611481889,5610904,5
611714267,22946595,12
612085544,330784,12
612624330,32312925,12
612805338,38256967,12
613087207,3380754,2
613087207,3380754,11
613190317,42665835,12
613382181,2838781,12
613468569,8666640,12
613488219,1214406,12
614069924,2574542,1
614417797,32253,12
614597798,43065322,12
615638940,40763827,12
615643483,41011935,12
615646505,884058,5
615722504,1708457,3
615722504,1708457,5
615722504,1708457,11
615765741,39618534,5
615784047,1915591,12
615924081,26504978,12
616444721,22951088,12
616532307,63578,12
616724889,40515523,12
616836689,21643729,12
617267528,38473731,2
617438588,352726,12
617461362,352726,12
617560415,33788634,12
617914228,7595165,2
617966814,35398132,12
617969174,1840243,2
618121741,43361393,12
618145267,2092046,12
618545750,33287218,12
618656591,36231672,5
618656591,36231672,11
618658306,36211450,5
618754908,675411,12
618863935,8858820,12
619285442,1342873,12
619760420,430459,1
619823261,5075150,12
620367735,7898927,12
620449867,682403,2
620449867,682403,11
620563979,43202475,12
620604004,25916521,12
620796680,20983917,12
621621781,40459402,12
622123516,41203380,12
622325206,39263987,5
622325206,39263987,11
622724493,25857222,12
622946876,24382329,5
623401105,28039598,12
623493256,38721877,2
623493256,38721877,11
623554373,6368074,12
623721464,40832437,12
623744502,1025499,1
624679684,21654275,12
624763332,38847363,2
624763332,38847363,11
626645589,996403,12
626703817,39802394,12
626726670,13111239,2
626961330,3540690,9
627037743,27850288,12
627300341,28281286,12
627737788,40204834,1
627737788,40204834,2
627737788,40204834,11
627855355,255627,12
628813353,40252387,5
628854820,9965500,12
628872791,6879051,5
628982600,365796,12
629002128,18077237,12
629028430,5194991,3
629220033,3023573,12
629311585,41959891,12
629434983,41500734,12
629507656,39516480,12
629571466,2192813,12
630396734,4848261,9
630586120,18164934,12
630632361,723278,5
630776701,587642,12
631021594,26745213,12
631363077,36753922,12
631465256,31627026,12
631698901,43925242,12
631977673,8564381,12
632127700,39649311,12
632258406,31188467,2
632258406,31188467,11
632278052,37719213,12
633106732,36661441,5
633285819,1293248,12
633615971,169220,3
633623027,36628857,12
633638518,171657,12
633673277,21621163,12
633752033,4609617,2
633864568,47669729,5
633864568,47669729,11
634155898,36266667,12
634288386,519638,12
634600257,7199,2
634787607,372646,5
635045917,21244432,12
635101588,11678529,12
635103906,7299082,12
635197892,24940038,12
635333538,905664,12
636954364,26026629,2
636954364,26026629,11
637051858,4888040,12
637194014,216204,12
637223255,13564282,12
637286233,6197912,12
637673810,9554304,12
637722518,36434137,12
637737504,7008868,12
637818884,23257809,12
637832855,13111239,3
638324543,13046106,2
638324543,13046106,11
638849523,44743779,12
639133010,44803758,12
639295529,39403743,12
639724559,38742300,12
640375551,40442993,3
640928626,22480711,2
640928626,22480711,11
641153819,38464942,12
641382159,3159979,12
641773415,172601,12
642007756,213266,12
642224346,948602,12
642287674,37716939,12
642443792,6106118,3
642568250,29827441,12
642988005,7975154,12
643080390,5610474,12
643210214,41120948,12
643430482,43809919,5
643545895,44797951,12
643721112,2184757,5
643721112,2184757,11
643738358,28425088,12
643874049,16337628,12
644193017,2339207,12
644310770,28452930,12
644695390,21249839,12
644875174,34372858,5
645536448,31969,12
645999058,36546160,12
646396637,44665718,12
646457656,11658927,12
646537603,7454967,12
647583616,21183966,9
647583616,21183966,11
648274864,5681991,12
648964119,39516480,12
649026359,959389,12
649063430,42555980,12
649375726,39530233,3
649375726,39530233,11
649410846,7662687,12
649716309,157211,5
649959311,643649,12
650226720,43186905,12
650470248,311103,12
650764254,8969401,12
651055456,43231881,2
651055456,43231881,3
651055456,43231881,11
651083387,41412423,5
651083387,41412423,11
651145980,42341663,12
651370493,19017269,12
651459026,43682251,6
651967134,39770473,12
652011239,45613365,12
652857289,49887,5
653100092,44715104,12
653519469,46213006,12
653567140,42656598,12
653631824,43810632,12
653742864,33245442,5
653742864,33245442,11
654059671,39051455,12
654404167,43708217,12
654783812,8923254,12
654993150,21193336,12
655059649,9581208,12
656276944,44706190,12
656303372,264201,12
656717503,25234473,12
656780478,41935324,12
657289250,2516891,12
658769746,43147157,2
658769746,43147157,11
658957457,42772919,12
658997462,4422430,12
659007191,5215960,12
660274680,31714086,12
661249254,64313,2
661249254,64313,11
661313479,2240577,12
661509379,24230625,3
661509379,24230625,11
661547852,45320209,12
661630708,23230,12
661676690,1209,2
661676690,1209,11
661867340,22615660,12
661954016,37583744,3
662011711,23033062,12
662024222,23033062,3
662024222,23033062,11
662310050,79026,2
662310050,79026,11
662342045,41952759,12
662700686,22065337,12
662794948,46599780,12
663085407,10360273,2
663173146,5586425,5
663289396,3070086,12
663403920,32789315,12
663475598,44799203,12
663792606,689493,12
664041482,38285347,12
664276710,43677941,12
664609797,44737522,12
664983085,34075076,3
664992284,594582,12
665077623,46867822,12
665078812,39271427,12
665132194,44744293,5
665565232,44629742,5
665653919,44397964,12
666062317,32041,12
666083303,24938299,12
666136365,38830520,12
666781893,5579355,12
666843762,10201724,3
667054735,3450734,12
667399043,13014023,12
667537969,29132017,12
667711435,45427077,12
667722877,39481053,12
667899160,46258298,12
669097807,219349,12
669341967,40331813,12
669566469,39831490,12
669573003,31168637,12
669664879,41277077,2
669680541,4348603,12
669799466,36652636,12
670141438,19536220,12
670310978,43061569,12
670448544,1279759,12
670804457,2192619,12
670811613,30608805,12
671020525,19443633,12
671170449,2092499,12
671323165,46282206,12
671480615,1389609,3
671480615,1389609,5
671645919,1268326,12
671719902,3714372,12
671922115,20773484,6
672331614,43944610,5
672561450,3991913,12
672621564,903325,12
672789739,4246279,12
672885032,44705093,12
673162219,28108768,12
673162431,14417618,12
673166442,44084397,12
673533384,11730665,12
673980442,15759629,12
674702966,47308097,12
675292156,1235860,5
675292156,1235860,11
675339358,43035376,12
675617755,37643999,5
675617755,37643999,11
675682200,27941642,12
676461194,7954289,12
676606296,38795806,12
676756634,43966520,12
676925948,1849606,3
677240264,1108866,3
677240264,1108866,5
677240264,1108866,11
677309662,25634562,12
678000293,24168102,12
678181488,16172170,12
678273097,32249242,12
678719933,47524298,12
678775628,38484910,12
679165894,6273409,5
679165894,6273409,11
679273158,13876896,12
679322115,28435452,12
679455846,43894303,12
679500698,7957688,12
679739146,8587844,12
680591001,42626336,12
681282800,41200826,12
681331291,24395049,2
681390992,37884643,3
681390992,37884643,11
681522909,17481271,6
681522909,17481271,11
681568790,147461,12
682021165,46340597,12
682081275,11803648,5
682081275,11803648,11
682156435,32010836,5
682373227,61963,12
682457568,239489,2
683029356,1957372,5
683258093,53327,12
683452421,47963283,12
683680939,5221129,5
683729464,74255,12
684143616,48048483,12
684242857,484939,2
684257945,101743,2
684257945,101743,11
685388085,4406242,12
685700063,150340,2
685700063,150340,11
686150940,21954683,12
686352213,1463363,12
686795895,45037992,12
687079415,38091,12
687099447,32332,6
687099447,32332,11
687223861,5762383,12
687227074,105022,12
687491865,1140114,12
688616436,3035968,6
689015388,37831158,1
689015388,37831158,11
689175926,47037412,12
689855696,47175065,12
689950598,240583,12
690220152,29813420,12
690497814,19994775,12
690692995,12369642,12
690794126,8854150,12
691041342,39502626,12
691464164,46468102,12
691695220,14256525,12
692185213,4419125,12
693575865,24486462,5
693855379,35940793,12
694010700,46627463,12
694223255,24689167,1
694535317,47879215,12
695524658,34608461,12
695595386,44553996,12
695621197,4967816,12
695742687,37902337,12
695771691,36402931,12
695889505,13194746,12
696020011,2461045,5
696226815,343554,12
696372735,12419882,12
696415904,4531823,5
696415904,4531823,11
697789067,6269899,12
697868193,17937080,3
698006922,25502666,12
698498332,7420588,12
698518662,7857123,12
698521299,41029911,12
698620924,47826573,9
699003305,46340479,1
699377587,8825727,12
699537985,31539801,12
699679138,21418110,12
699769838,9338047,12
699781401,524841,12
700019641,3839135,12
700779574,10270280,12
701012393,48901589,12
701708277,13523154,12
702110643,12057519,5
702110643,12057519,11
702701752,12693041,12
702745449,610056,2
703435683,48509398,12
703689340,34271106,12
704078473,269897,12
704105962,297384,12
704124491,39532692,12
704162645,7999675,12
704192793,7119912,3
704192793,7119912,5
704298551,38179119,12
704497249,36337046,2
704497249,36337046,11
704762881,46433881,12
704799781,13655,12
705332690,37643999,12
705666446,38546462,12
705830378,43440320,12
705900487,7632654,12
706173098,47471613,12
706275392,4378574,12
706543918,7083395,12
706922997,43076732,12
706955750,46820208,12
707519718,17377479,3
707725002,5743345,12
707953737,26455146,12
708058503,43400480,12
708405808,38432508,3
708420454,41324694,12
708484221,6920412,5
708797662,2455439,12
708954868,200563,12
708959695,17839,3
709771052,43835201,5
709891404,4115616,2
709891404,4115616,11
710478296,23443424,2
710550707,5479865,12
710661732,42969926,12
710765965,26701,2
710765965,26701,11
710787586,378093,2
710802751,26701,12
710896521,507399,5
710896521,507399,11
711197135,1984697,12
711364591,2700625,12
711408078,279720,12
711767519,2045984,12
711909385,22443419,12
712223161,2229178,12
712507532,30890294,12
712678672,10003856,12
712774587,49316931,12
712958030,27957572,12
713125917,35759328,1
713125917,35759328,11
713218256,2023819,5
713599465,49091814,2
713599465,49091814,11
713711004,11015826,6
713711004,11015826,11
713829837,11062654,12
713953478,13053542,3
713953478,13053542,5
714377196,13031593,12
714955439,39476129,5
715000338,153851,12
715201301,44572072,12
715495702,47826120,12
715512521,36020904,12
716003734,50231240,12
716180357,48681635,12
716337956,18515971,5
716888152,46821530,12
717014714,28109091,12
717094725,24436707,12
717359611,13274750,12
717713106,10288724,12
717894757,41377321,2
717894757,41377321,11
718235805,49008928,12
718311709,66142,12
718790775,44169895,12
718792417,15685125,12
719240018,20164190,5
719240018,20164190,11
719258156,5998803,12
720520197,35818573,12
721002334,50546338,12
721366258,6771505,12
721383901,24658400,12
721540252,18797258,12
721550027,50368096,12
721605125,26712495,2
721605125,26712495,5
721605125,26712495,11
721792503,45139376,6
721897847,26354322,12
722050938,3884628,3
722050938,3884628,5
722050938,3884628,11
722082297,107337,12
722418768,7056973,2
722515885,43780,12
723436655,22360,5
723471146,36047287,12
723768307,21086016,12
723932093,4004747,12
724059795,21259772,3
724059795,21259772,11
725431371,12790012,9
725799037,34741647,12
726146162,48488718,5
726359461,36515116,12
726849949,30738122,3
726850984,30738122,12
727133351,50226533,12
727336382,521360,12
728032978,38904667,12
728240597,47327453,12
728245459,48447039,12
728477686,719095,12
728513662,43304126,12
728522313,48348359,12
729607007,12767523,5
729607007,12767523,11
729644772,4224547,12
730219755,24494484,12
730449352,19317030,12
730639800,28051908,12
731012305,31744838,12
731414840,25260151,3
731817810,5577572,12
731930970,37594224,12
732046127,43771597,12
732400026,17732357,12
732559439,1009065,12
732727458,721769,12
732859681,1152442,12
732992651,41093661,12
733195786,47418475,2
733195786,47418475,11
733276628,52143,12
733319747,563521,12
734414089,51305723,12
734427714,47457006,12
734719830,4529017,12
734954295,28323576,12
735013308,3092138,12
735237112,3630757,12
735547881,49622588,12
735835487,37585,2
735835487,37585,5
735835487,37585,11
736873349,12063684,12
737464971,2888188,12
737475591,643710,12
737705865,6809623,12
737754986,47337226,12
737882213,60530,12
737967205,32232337,12
738190336,20652761,12
738305807,27582294,2
738305807,27582294,11
738376094,17663065,12
738630123,623374,12
738732692,18613626,12
739017830,8482499,5
739316273,28643661,12
739783788,37537411,2
739783788,37537411,11
739883725,5894548,12
740020151,17837875,12
740330517,47556825,12
740939700,40089475,12
741425938,51729586,12
741570090,51356323,12
741936408,18227708,12
742431858,1649588,12
742586909,1172131,12
742928129,7818989,12
743156830,1682054,12
743363810,9573293,5
743363810,9573293,11
743872359,19850127,12
744071844,3353715,12
744286517,3605,12
744468130,1254035,5
744468130,1254035,11
744699801,241880,12
745465322,150292,12
745637554,3630757,5
746191686,5603411,12
746333309,14229697,12
746762139,26975978,12
746909057,2134373,12
747333163,33336117,12
747337393,12693346,1
747443211,34563059,12
747639142,1088867,12
747902629,11333889,12
748096845,812281,9
748192356,5748748,12
748329433,1650640,12
748659358,30158363,12
749441419,18066655,3
749700839,7436762,5
749762277,7541244,2
749820966,49052900,12
749960572,13265697,12
750511171,45165773,12
750550211,11332055,12
750748429,49244165,12
750934717,21081380,12
751408435,52127956,12
751570215,49265525,12
751933684,24351218,12
751988902,6767458,5
751988902,6767458,11
751989077,51735187,12
752014675,35368654,12
752075775,17997437,12
752504428,49015061,2
752511100,16736415,12
752915609,38270197,12
752961584,6051657,12
753468605,70556,2
753573737,24296062,3
753838548,28730455,12
754233039,4586225,12
755326536,455258,12
755508685,32328768,12
755555867,50284328,12
755651032,1769293,12
756024343,34883751,12
756292605,52650652,12
756432611,5292902,12
757089065,205969,5
757150463,52386738,12
757530674,50439329,5
757695818,179340,9
757920947,44016300,3
757920947,44016300,5
758029843,804705,12
758250521,39824694,3
759153086,50287600,12
759163495,22313520,3
759163495,22313520,6
759788730,15830654,12
760673019,8623994,12
760924606,38874209,12
761828220,34083148,12
761843905,3505712,12
761939742,51559911,3
762221346,26163923,12
762295615,24061473,12
762396433,17058051,12
762459639,4576289,12
762936698,961455,3
763054260,39615987,12
763099162,39769782,12
763282544,42332891,12
763289725,147476,3
763797995,47843413,12
764167147,36515116,12
764445050,150280,12
764819859,41920109,12
764826191,35184377,12
764903202,73634,12
764909766,47104345,12
765387759,21901349,5
765468654,211447,2
765468654,211447,11
765487177,328687,12
765531903,25511683,12
765937245,2964042,2
765937245,2964042,11
766244412,11482588,12
766446611,8217065,5
766446611,8217065,11
767015175,44557896,3
767347333,28966143,5
767347333,28966143,11
767351967,1197962,12
767392132,51239089,12
767530418,79370,12
767637697,31941988,5
767776322,13687975,12
767831993,44570807,5
768011186,9929093,12
768032295,52076032,12
768063265,28847569,12
768230072,44422306,12
768593703,38680616,12
768971212,12484696,12
769201226,2457369,12
769284787,42199633,12
769346019,21254073,1
769420423,51093107,12
769496169,1019572,12
769635909,50913004,5
769635909,50913004,11
769675209,52082324,2
769675209,52082324,11
769843470,216786,5
770048166,51837893,12
770195020,497704,12
770304516,46873951,12
770532346,53109372,12
770548952,52174572,3
770578399,50340136,12
770786564,52992937,12
771101109,51428083,12
771120066,53503743,5
771419448,49208411,12
771508660,11251661,5
771508660,11251661,11
772269187,52825038,12
772399747,2054168,12
772695991,1355448,12
773212177,53643237,12
773386394,51601654,12
773813809,50702780,12
773948440,44570458,12
774204208,14791972,12
774251419,2527063,12
774272307,18542923,5
774272307,18542923,11
774316278,488425,12
774319362,30345655,12
774331873,540877,12
774474904,49602286,12
774872034,34598502,12
775220627,52836376,12
775537767,1272729,12
775831027,53670324,12
776132214,29460601,12
776311394,4321280,3
776416847,10605578,2
776416847,10605578,11
776471454,53611882,5
776623397,42995533,5
776623397,42995533,11
776674269,11039349,12
776926567,42163776,5
777345464,33914222,12
778372910,1855342,12
778383315,17123071,12
778539791,12815540,12
779294663,10816981,12
780226034,48693352,3
780370007,49778373,12
780483672,31594700,12
780701672,23973262,12
780749460,5385158,12
780820295,2430098,5
780820295,2430098,11
780862478,8838946,12
780875380,52973326,12
781001330,32174870,12
781190303,10537296,12
781217642,49556798,12
781224155,12071525,5
782004798,53383218,12
782026374,49015061,12
782180973,8108006,12
782773224,705887,5
782876087,410484,12
782916969,31802641,12
783070147,11730665,12
783329671,53124986,12
783653814,20718432,12
783799954,40950178,12
784012626,1904908,12
784118846,49898918,12
784171134,17361223,2
784181224,38115379,12
784387754,17255928,5
784387754,17255928,9
784668983,35072597,12
784971978,376818,12
786039506,32908,12
786544948,4158595,12
786688840,3354,12
787130654,21157537,12
787597893,23144795,12
788463348,14197,12
788731726,36250702,12
788803771,40094311,12
789836802,1387382,12
790572032,19398198,12
790599460,5564294,12
790859962,52187252,1
791209163,1031293,12
791814549,53518166,12
791916675,7456590,12
792140498,36702020,12
792273197,19514865,12
792276016,54510179,12
792767072,53768358,12
793218544,32070416,3
793218544,32070416,5
793218544,32070416,11
793227996,53718413,12
793352811,18144585,12
793390156,2688767,12
794053428,30511047,12
794053523,1424142,12
794079898,54480523,12
794349691,12767523,12
795016459,37295749,5
795016459,37295749,11
795180028,18654333,12
795226351,616114,3
795298688,40203246,12
795592854,40102183,12
795937896,51517968,12
795950923,1000530,12
796086761,48727875,12
796092956,17314420,12
796427363,10149906,12
796512479,17675,12
796652739,1891923,12
796738744,54979678,12
796812285,26544841,12
796858796,43724769,12
797131972,54510451,12
797441032,47073293,12
797534805,50652849,12
797641042,217686,12
798033637,48453430,12
798038451,24003008,12
798415643,879946,12
798536061,879946,5
798559034,16078,5
798559034,16078,9
798559034,16078,11
799059104,2689132,12
799077495,25824943,12
799167164,673546,12
799343448,45421322,12
800027127,5888582,5
800266150,23133297,12
800531869,48218524,12
800591204,48455775,3
800657077,51552988,12
803170773,40853273,12
803735776,9484867,9
804999633,43652272,12
805048832,3383420,12
805090568,4468081,2
805090568,4468081,6
805137614,48496716,12
805162477,15283052,12
805225514,455258,12
805761983,293845,12
805781202,29874086,12
806496601,12911473,12
806698730,50953646,12
807065709,692891,12
807645902,51686984,12
807738513,539078,12
808039018,4002453,3
808055219,587642,5
808055219,587642,11
808146441,39408446,5
808146441,39408446,11
808275662,35232235,12
